0.0,	0.09615683936243791,	31.249655612386572
1.0,	1.012377826827485,	32.16191473586469
2.1999999999999997,	0.512111484248388,	32.84580870887666
3.2000000000000006,	1.805002291084541,	32.83527458152511
4.200000000000001,	2.930099333786466,	33.03432540391362
5.200000000000002,	3.6375153804723688,	34.11656389109276
6.200000000000003,	4.759005594535196,	33.59716413260028
7.200000000000004,	5.966196104984688,	33.33219718967826
8.200000000000003,	5.939388830097953,	32.29167129791356
9.399999999999999,	6.836822801041757,	33.168256707166016
10.599999999999994,	7.9877508325064515,	34.089689982248885
11.79999999999999,	9.55635985998717,	34.12793559254112
12.999999999999986,	9.263477412455742,	33.00020876900332
14.199999999999982,	8.404855791660797,	32.738797636095654
15.399999999999977,	8.06741768717117,	33.949473177356666
16.599999999999973,	8.915041847442218,	35.15579315852497
17.79999999999997,	10.354515179612882,	34.2895850276641
18.999999999999964,	11.562219915035666,	33.28786336979801
20.19999999999996,	10.859054697310304,	32.49846083106837
21.399999999999956,	9.950893215895386,	31.306404651119095
22.59999999999995,	11.435144172973345,	31.513175802139124
23.799999999999947,	11.708287309877917,	30.226721841493088
24.999999999999943,	12.533522657695316,	30.896552181720946
26.19999999999994,	11.825656860176267,	31.44836091743227
27.399999999999935,	12.18455870681321,	30.018373477444875
28.59999999999993,	10.979490065476593,	29.12755094621427
29.799999999999926,	12.29460503243642,	29.120948690676084
30.999999999999922,	13.524019703009586,	28.859913619567433
32.19999999999992,	15.006928434103642,	28.643726414289187
33.19999999999993,	14.91328744559745,	29.6421018444758
34.199999999999946,	15.956291020551808,	30.30517043217482
35.19999999999996,	16.228894291372786,	31.569039516763173
36.199999999999974,	16.661786942027746,	31.128512059725878
37.19999999999999,	17.09107276404361,	29.969534021807597
38.2,	17.866460782082957,	29.13034512360221
39.20000000000002,	19.07365129253245,	28.865378180680185
40.20000000000003,	19.24253521491149,	27.641043818619472
41.200000000000045,	18.010033530478484,	27.73300036939501
42.20000000000006,	16.92434311423117,	28.61689873463206
43.200000000000074,	15.789658448273475,	27.99708560547057
44.20000000000009,	14.752847961106237,	27.905233685950087
45.2000000000001,	13.422472097882768,	27.46922902708462
46.20000000000012,	12.092096234659298,	27.03322436821915
47.20000000000013,	11.250976944757834,	26.757563978402647
48.200000000000145,	10.067412349720051,	27.11350113399869
49.20000000000016,	9.71549247282545,	25.758454123653113
50.20000000000017,	10.922682983274942,	25.493487180731087
51.20000000000019,	11.958472900951111,	24.719654606668133
52.2000000000002,	11.784911518193836,	24.126917790019967
53.200000000000216,	10.748101031026597,	24.035065870499484
54.20000000000023,	10.460891856503043,	22.92918365459236
55.200000000000244,	9.977991484713716,	22.00710990898126
56.20000000000026,	9.234689213287567,	21.019679839227727
57.20000000000027,	9.143171236029787,	19.729989153024583
58.20000000000029,	8.155297838257779,	19.902117838324603
59.2000000000003,	7.22030608497121,	20.359505182602593
60.200000000000315,	7.38919000735025,	19.13517082054188
61.20000000000033,	8.428586753665511,	19.079788827359913
62.200000000000344,	7.9001329892943915,	20.259794854955743
63.20000000000036,	7.397201813927515,	20.98817013130868
64.20000000000037,	7.402786073017793,	22.224084863566194
65.20000000000039,	7.141351320377372,	23.432045243492865
66.2000000000004,	8.09865459894507,	23.84068101562142
67.20000000000041,	8.267538521324111,	22.616346653560708
68.20000000000043,	9.389028735386942,	22.096946895068218
69.20000000000044,	10.510518949449773,	21.577547136575728
70.20000000000046,	10.56314876131105,	22.364084367306315
71.20000000000047,	9.163934928393092,	22.317173283636972
72.20000000000049,	8.00621751820159,	22.74984730354136
73.2000000000005,	6.848500108010088,	23.18252132344575
74.20000000000051,	5.449286275092129,	23.13561023977641
75.20000000000053,	5.067103311088481,	24.103778067916213
76.20000000000054,	6.188593525151309,	23.584378309423723
77.20000000000056,	5.836673648256707,	22.229331299078147
78.20000000000057,	6.958163862319536,	21.709931540585657
79.20000000000059,	8.165354372769027,	21.44496459766363
80.2000000000006,	9.543945475991844,	21.688863285882533
81.20000000000061,	10.836836282828,	21.67832915853097
82.20000000000063,	11.872626200504168,	20.904496584468017
83.20000000000064,	13.079816710953661,	20.63952964154599
84.20000000000066,	13.95502652177379,	21.51218317898507
85.20000000000067,	14.644714243426476,	20.41856146520922
86.20000000000068,	15.249298213876813,	20.54481006943647
87.2000000000007,	14.720844449505693,	21.7248160970323
88.20000000000071,	14.6272034609995,	22.723191527218912
89.20000000000073,	14.412814261130078,	23.48177440561866
90.20000000000074,	14.151379508489656,	24.68973478554533
91.20000000000076,	14.691001791041327,	25.981558222464525
92.20000000000077,	14.429567038400904,	27.189518602391196
93.20000000000078,	13.513346050935858,	28.10177772586932
94.2000000000008,	14.302855565369326,	28.719998447737932
95.20000000000081,	15.427952608071251,	28.91904927012643
96.20000000000083,	15.967574890622922,	30.210872707045624
97.20000000000084,	15.9731591497132,	31.446787439303137
98.20000000000086,	15.44470538534208,	32.62679346689896
99.20000000000087,	15.14506818848915,	32.08672121464289
100.20000000000088,	16.178421519734034,	32.2115957685947
101.2000000000009,	17.416873457899502,	31.840227483607
102.20000000000091,	18.603606139212765,	32.18545487600768
103.20000000000093,	19.995437427446614,	32.034439429468875
104.20000000000094,	21.0805100155437,	31.442718306032305
105.20000000000095,	20.90056934396776,	30.21996004534725
106.20000000000097,	20.988920408881114,	28.98719465862948
107.20000000000098,	20.267612125470507,	28.236776693957253
108.200000000001,	20.006177372830088,	29.444737073883925
109.20000000000101,	19.089956385365042,	30.356996197362047
110.20000000000103,	19.79737243205095,	31.439234684541184
111.20000000000104,	20.747462053340456,	30.410969294907765
112.20000000000105,	21.53697156777393,	31.02919001677638
113.20000000000107,	21.00851780340281,	32.209196044372206
114.20000000000108,	19.971548604574537,	32.88166261606345
115.2000000000011,	19.118486522347318,	31.910085192433883
116.20000000000111,	20.203559110444406,	31.318364068997308
117.20000000000113,	21.33946174514958,	31.195117203479363
118.20000000000114,	21.9003139432287,	30.641171787096383
119.20000000000115,	21.042467722145407,	30.121920407414212
120.20000000000117,	21.973271749929996,	30.494916380835775
121.20000000000118,	21.313264463715424,	30.925962891743325
122.2000000000012,	20.272630121385763,	30.948164850748675
123.20000000000121,	20.176190491325347,	31.984558675109557
124.20000000000122,	19.661759196532053,	30.860780737838127
125.20000000000124,	18.305167965679544,	31.206700139395853
126.20000000000125,	17.38096607914706,	31.685514962004092
127.20000000000127,	16.356915569504004,	30.730883853303045
128.20000000000127,	15.732086738807766,	31.862814301065306
129.4000000000012,	16.52279386360872,	33.218092593737914
130.60000000000113,	16.785111787773847,	34.66890750981191
131.80000000000106,	15.888964710907107,	35.87002183788572
133.000000000001,	17.08986904954923,	36.23281445267934
134.20000000000093,	18.657517291969555,	36.29971733630252
135.40000000000086,	18.289759415738637,	37.40529504097495
136.6000000000008,	17.657806939189808,	38.55864105734807
137.80000000000072,	16.395778662244933,	39.36674986231962
139.00000000000065,	17.07655974704047,	39.8050793698348
140.20000000000059,	18.01832750622665,	38.972809444674304
141.40000000000052,	18.385044828786775,	37.70984096864876
142.60000000000045,	19.748483674530632,	37.08791675590443
143.80000000000038,	20.84683870971246,	37.6988307901678
145.0000000000003,	21.596760155182796,	36.19549522362794
146.20000000000024,	22.806819650858273,	35.35321817243472
147.40000000000018,	21.400838926702093,	34.8345917020514
148.6000000000001,	20.252144351581826,	34.32459119846488
149.80000000000004,	19.32309960926389,	35.255422457539964
150.99999999999997,	20.54890745119796,	34.27593680555033
152.1999999999999,	21.946115885905353,	33.80531678470163
153.39999999999984,	21.555416419898616,	33.38935964110086
154.59999999999977,	20.25258792040184,	34.4500376793853
155.7999999999997,	19.051520994470582,	34.820224091890175
156.99999999999963,	17.748635334658655,	34.64117124059658
158.19999999999956,	17.191525360415515,	36.00619984492687
159.3999999999995,	16.385842544421163,	37.26977826057521
160.59999999999943,	16.35336199652656,	36.207407761179844
161.79999999999936,	17.50068319935216,	36.41039045538172
162.9999999999993,	17.080153891491378,	37.84876117036138
164.19999999999922,	16.659624583630595,	39.28713188534103
165.39999999999915,	17.1042267266542,	38.11157726092409
166.59999999999908,	18.251547929479802,	38.31455995512597
167.79999999999902,	18.632075656811118,	39.83679372709816
168.99999999999895,	18.106587863896564,	40.564412753514034
170.19999999999888,	17.193332847888083,	41.0242848758122
171.3999999999988,	15.75577267111299,	41.44757667898271
172.59999999999874,	14.213254009284126,	41.160116793589445
173.79999999999868,	13.601142907142453,	40.63010203793749
174.9999999999986,	12.873067732493631,	39.40796868655128
176.19999999999854,	11.556255767081765,	40.071053041508655
177.39999999999847,	10.601688435759584,	41.45351505182662
178.5999999999984,	9.332245649276095,	40.70372199645324
179.79999999999833,	8.467632536954586,	39.712755230057084
180.99999999999827,	9.256020946072384,	38.660132466447706
182.1999999999982,	10.044409355190183,	37.60750970283833
183.39999999999813,	8.759176842397235,	37.32867578424187
184.59999999999806,	7.683861299711825,	38.47134524277297
185.799999999998,	6.141342637882962,	38.1838853573797
186.99999999999793,	4.976858336453242,	38.1448439905701
188.19999999999786,	4.361878158637001,	38.65425210044911
189.3999999999978,	5.848393718370152,	39.15651547605187
190.59999999999772,	5.641211567225386,	38.28322146808454
191.79999999999765,	4.338383067728604,	39.34389950636898
192.99999999999758,	3.0844344973119036,	39.42882725989588
194.19999999999752,	1.5369205508389658,	39.1696022740778
195.39999999999745,	0.08728078315648993,	39.43833849790073
196.59999999999738,	0.9237105372007153,	40.376413658598814
197.7999999999973,	1.6678780791277392,	39.103664946722276
198.99999999999724,	3.140934629978876,	39.042191277272075
200.19999999999717,	3.0231683952427715,	40.098513755463806
201.3999999999971,	1.9689127374972013,	41.260641982430194
202.59999999999704,	1.163229921502842,	42.52422039807853
203.79999999999697,	0.3575471055084829,	43.78779881372687
204.9999999999969,	1.2750365279015692,	44.584496247190806
206.19999999999683,	2.480105169238189,	43.69367371596018
207.39999999999677,	3.5872996317843464,	43.33081239437056
208.5999999999967,	2.3614917898502785,	42.35132674238093
209.79999999999663,	0.9606765265037909,	42.59915730241322
210.99999999999656,	1.6227022570910328,	43.55794291381915
212.1999999999965,	3.3017588565925853,	43.501649613415935
213.39999999999642,	4.707739580748762,	42.98302314303261
214.59999999999636,	6.1137203049049385,	42.464396672649286
215.7999999999963,	7.163513258586105,	43.15543537993751
216.99999999999622,	6.882210778851265,	44.4401298498388
218.19999999999615,	5.902683340159896,	44.85269749378073
219.39999999999608,	7.058814892101285,	44.22585556737061
220.59999999999602,	7.6159248663444306,	45.5908841717009
221.79999999999595,	9.016627544631675,	46.12360100034433
222.99999999999588,	9.602638490872517,	47.23282635292339
224.1999999999958,	8.095998721340907,	47.976087144883856
225.39999999999574,	7.028702691316334,	49.02805406298288
226.59999999999567,	5.7874147372130755,	48.83106686652746
227.7999999999956,	6.48309274341174,	47.78434252255686
228.99999999999554,	6.006293708997972,	49.179454451694895
230.19999999999547,	5.0003436554542535,	48.4260194974058
231.3999999999954,	3.9943936019105353,	47.6725845431167
232.59999999999533,	3.1089130647666456,	46.46358519207453
233.79999999999526,	4.157657796525559,	46.330422963272675
234.9999999999952,	4.357858076068302,	47.8155744910812
236.19999999999513,	4.558058355611045,	49.300726018889726
237.39999999999506,	3.55022129790846,	50.051634938593445
238.599999999995,	3.368579755760426,	50.84068626312181
239.79999999999492,	3.8231668007877166,	49.88625014160036
240.99999999999486,	2.568340783013616,	49.06700239055175
242.1999999999948,	3.6170855147725285,	48.93384016174989
243.39999999999472,	5.029940772102246,	49.09980223677363
244.59999999999465,	6.497770695395297,	48.797758318168206
245.79999999999458,	6.77291995516689,	47.34932209282438
246.99999999999451,	6.335873597099862,	45.9955518503494
248.19999999999445,	4.896374839010655,	45.37117989929757
249.39999999999438,	3.905310259998312,	44.60203705681293
250.5999999999943,	5.373140183291363,	44.29999313820751
251.79999999999424,	6.5399228461572765,	43.25089103381721
252.99999999999417,	7.70670550902319,	42.20178892942691
254.1999999999941,	8.509377646318297,	40.85356252121102
255.39999999999404,	7.439224368859303,	39.83943897016563
256.599999999994,	7.978135067392655,	38.44110765338577
257.79999999999393,	7.092654530248764,	37.232108302343605
258.99999999999386,	5.845765443905392,	37.389802141560644
260.1999999999938,	5.050712145410054,	38.43739997405727
261.3999999999937,	3.980558867951057,	37.423276423011885
262.59999999999366,	3.991946688960893,	35.92473528910409
263.7999999999936,	5.459776612253944,	35.62269137049867
264.9999999999935,	4.653384773556706,	34.65867272801725
266.19999999999345,	5.4560569108518155,	33.31044631980136
267.3999999999934,	5.467444731861651,	31.811905185893565
268.5999999999933,	4.476380152849307,	31.04276234340894
269.79999999999325,	3.2215541350752064,	30.223514592360345
270.9999999999932,	2.172449796413576,	31.184286924971847
272.1999999999931,	2.7811846813301964,	31.718175941958926
273.39999999999304,	3.2450940907809827,	30.806965124993553
274.599999999993,	3.4117974149123187,	31.5993069983648
275.7999999999929,	4.7146259144091,	32.659985036649246
276.99999999999284,	5.271735888652246,	34.02501364097954
278.19999999999277,	6.077418704646603,	35.28859205662788
279.3999999999927,	7.527058472329078,	35.557328280450804
280.59999999999263,	9.123509508197245,	35.03412268981222
281.79999999999256,	10.475275097089263,	35.830820123276155
282.9999999999925,	11.329895002478855,	36.83041793410399
284.19999999999243,	11.248025484858982,	37.72420999615717
285.39999999999236,	11.80130983202723,	36.53112684847694
286.5999999999923,	10.921604186116642,	35.2318520567744
287.7999999999922,	10.477002043093037,	34.05629743235746
288.99999999999216,	10.118100196456094,	32.626309992370054
290.1999999999921,	10.475693346358568,	31.24941837439381
291.399999999992,	9.078484911651174,	30.7787983535451
292.59999999999195,	9.110965459545778,	29.716427854149746
293.7999999999919,	9.199830722284196,	31.02855358409272
294.9999999999918,	8.352206562013148,	32.23487356526103
296.19999999999175,	8.660743694505086,	33.701352358273276
297.3999999999917,	9.812873531041122,	34.33551937559866
298.5999999999916,	9.653165952028328,	35.74909529422357
299.79999999999154,	8.434266810378718,	35.0156184568277
300.9999999999915,	8.658920411554924,	33.9825993616266
302.1999999999914,	8.368567584621,	34.169173309181055
303.39999999999134,	8.992284267303184,	35.44771970577929
304.59999999999127,	9.616000949985368,	36.72626610237753
305.7999999999912,	10.081474314227153,	37.056419044560215
306.99999999999113,	10.09286213523699,	35.55787791065242
308.19999999999106,	9.734904475616615,	34.44908837673819
309.399999999991,	8.926739169754642,	34.498731915843564
310.5999999999909,	10.236948431305509,	35.05285742460194
311.79999999999086,	10.22452593876285,	36.36793029246097
312.9999999999908,	8.857167336019652,	36.981188528431076
314.1999999999907,	8.15635953919087,	35.57731337739213
315.39999999999065,	8.890025553799719,	35.919847786732056
316.5999999999906,	7.748482307778113,	36.89074130815623
317.7999999999905,	8.124843630817567,	37.705553570352
318.99999999999045,	9.437349801338238,	37.62249625011411
320.1999999999904,	9.369357430513915,	39.095266310765396
321.3999999999903,	10.7272380218803,	39.72923437941829
322.59999999999025,	10.47486440412838,	38.18058833694653
323.7999999999902,	9.774056607299599,	36.77671318590758
324.9999999999901,	8.398761073125671,	36.41302983161204
326.19999999999004,	7.087668762867021,	36.31003507407279
327.39999999999,	8.18755252271307,	37.031025143995286
328.5999999999899,	9.314208615617442,	38.01915532813219
329.79999999998984,	10.624417877168309,	38.57328083689057
330.99999999998977,	10.814811933759493,	37.015799822234094
332.1999999999897,	11.251949010151955,	35.83744889105431
333.39999999998963,	12.071009396773393,	36.20447334687727
334.59999999998956,	12.242140072877229,	37.08554153935777
335.7999999999895,	12.235025077305556,	36.18803597116189
336.9999999999894,	11.895741006763757,	36.92321075449607
338.19999999998936,	11.984606269502175,	38.23533648443903
339.3999999999893,	11.008670130827268,	37.098101299567716
340.5999999999892,	12.422115561849663,	36.41680179030432
341.79999999998915,	12.612509618440848,	34.859320775647845
342.9999999999891,	13.281415291581188,	33.545456317462836
344.199999999989,	12.776503557928738,	32.39451588382203
345.39999999998895,	11.789373013027006,	31.52552551942093
346.5999999999889,	10.79104806189845,	30.92477997549006
347.7999999999888,	10.046880519971422,	29.652031263613512
348.99999999998875,	11.035359000561305,	29.261395426307487
350.1999999999887,	12.236320956367445,	28.725427753022778
351.3999999999886,	12.700230365818229,	27.814216936057406
352.59999999998854,	11.204785002513443,	28.289232907547664
353.7999999999885,	9.74292285788913,	27.959514417627233
354.9999999999884,	8.744597906760575,	27.358768873696363
356.19999999998834,	7.503309952657318,	27.161781677240942
357.39999999998827,	8.943527716738036,	26.747622282191966
358.5999999999882,	8.894665965054642,	25.06833298929976
359.79999999998813,	7.664572417178206,	24.603100972374108
360.99999999998806,	7.256291996414195,	26.118127079680978
362.199999999988,	7.316256287154916,	27.686056061375176
363.3999999999879,	8.121939103149275,	28.94963447702353
364.59999999998786,	9.17619476089485,	30.111762703989935
365.7999999999878,	10.128688845074903,	30.58339930517678
366.9999999999877,	9.072587221277159,	31.36712140280559
368.19999999998765,	8.484730308984147,	32.203746374821726
369.3999999999876,	9.161123193651187,	31.147203721877673
370.5999999999875,	10.335312816399005,	30.344095934378547
371.79999999998745,	11.251643407598563,	31.499090679679583
372.9999999999874,	10.06102061373974,	30.94053152538727
374.1999999999873,	8.436849115335429,	30.511035374332245
375.39999999998724,	7.1257568050767786,	30.408040616793
376.5999999999872,	6.055603527617782,	29.393917065747623
377.7999999999871,	6.795212399769225,	28.493624539491016
378.99999999998704,	7.597884537064335,	27.145398131275122
380.19999999998697,	6.166322710405858,	27.49796777048894
381.3999999999869,	4.670557659832102,	27.589848812946478
382.59999999998684,	4.6581351672894415,	28.904921680805504
383.79999999998677,	5.353813173488106,	27.858197336834913
384.9999999999867,	6.261974654903026,	26.666141156885637
386.19999999998663,	5.274844110001299,	25.797150792484537
387.39999999998656,	5.472725378119186,	24.496991583069015
388.5999999999865,	6.380886859534106,	23.30493540311974
389.7999999999864,	6.613027672237014,	22.529238113159586
390.99999999998636,	5.128776715159051,	22.736009264179614
392.1999999999863,	3.622136945627436,	23.479270056140102
393.3999999999862,	3.1097380004482913,	22.071007817258334
394.59999999998615,	4.2571552901377885,	21.00075991554479
395.7999999999861,	3.976524941706522,	19.456984149657803
396.999999999986,	2.7464313938300897,	18.991752132732152
398.19999999998595,	3.4228242784971314,	17.935209479788096
399.3999999999859,	4.0917299516374745,	16.621345021603087
400.5999999999858,	4.787407957836139,	15.574620677632492
401.79999999998574,	5.422915175811081,	16.37564980883399
402.9999999999857,	4.1197597969831605,	17.249596641560373
404.1999999999856,	2.8728707106397877,	17.40729048077741
405.39999999998554,	2.799934878143564,	16.352644542128026
406.59999999998547,	4.067066627818521,	15.552561832999352
407.7999999999854,	5.233849290684435,	14.503459728609052
408.99999999998533,	6.125758623733684,	15.79438759236452
410.19999999998527,	6.862344204010554,	17.304302054487525
411.3999999999852,	7.974152200913134,	16.72320594372638
412.59999999998513,	8.658786407101244,	16.29091941109893
413.79999999998506,	9.29804619244364,	15.141607489580696
414.999999999985,	10.565177942118597,	14.341524780452023
416.1999999999849,	11.832309691793553,	13.541442071323349
417.39999999998486,	12.724219024842801,	14.832369935078818
418.5999999999848,	11.827627423615866,	14.873484028938773
419.7999999999847,	10.405490750711973,	14.908564965246828
420.99999999998465,	9.129461042642323,	15.647092417793317
422.1999999999846,	10.076345041654903,	16.470014287919636
423.3999999999845,	10.979366265759056,	15.370807274965369
424.59999999998445,	11.772438157936545,	15.20761224926941
425.7999999999844,	12.929620575684837,	15.343541527399044
426.9999999999843,	14.242126746205507,	15.26048420716115
428.19999999998424,	15.082084705165997,	14.60921107616617
429.3999999999842,	15.093472526175834,	13.110669942258378
430.5999999999841,	13.726113923432635,	13.723928178228475
431.79999999998404,	12.599694353489092,	13.426057620692442
432.99999999998397,	12.241736693868717,	12.317268086778212
434.1999999999839,	12.51688595364031,	10.868831861434385
435.39999999998383,	13.98471587693336,	10.566787942828965
436.59999999998377,	14.623975662275756,	9.417476021310732
437.7999999999837,	15.526996886379909,	8.318269008356465
438.99999999998363,	16.57422997220154,	9.390210273744406
440.19999999998356,	18.087434316340296,	9.805191744029766
441.3999999999835,	18.195602989012684,	10.607622539068304
442.5999999999834,	16.638979854060747,	10.410337406498662
443.79999999998336,	15.765629258406205,	11.393612395080085
444.9999999999833,	14.990966950325856,	11.158040853900944
446.1999999999832,	15.984073696863504,	10.035768960613764
447.39999999998315,	16.94019360123901,	11.089115113104658
448.5999999999831,	17.38882246362519,	10.736413310040748
449.799999999983,	16.089551749983144,	10.532779867865777
450.99999999998295,	15.949026364095852,	9.065153474684482
452.1999999999829,	17.4399293801378,	8.576067383533195
453.3999999999828,	18.267104036840674,	7.242733556200709
454.59999999998274,	18.393834635205177,	5.749517373620582
455.7999999999827,	19.542907555929727,	5.55669792580431
456.9999999999826,	19.50102491054414,	6.618739312941637
458.19999999998254,	19.372505413309145,	5.569415516202986
459.39999999998247,	18.578038482185054,	4.2987552516825085
460.5999999999824,	17.130834169553356,	4.017198345282921
461.79999999998233,	15.775142949971036,	4.4482490449202015
462.99999999998226,	14.521995223054581,	4.352225531688565
464.1999999999822,	13.92571761685194,	3.245856354193787
465.39999999998213,	13.630172828236635,	1.7767040508557932
466.59999999998206,	13.08516696836693,	0.4067977669265581
467.799999999982,	13.039083251006023,	1.6178066811056553
468.9999999999819,	13.897351718039234,	2.816576822766508
470.19999999998186,	14.100729071932724,	4.484221164922018
471.3999999999818,	14.304106425826214,	6.151865507077528
472.5999999999817,	15.571832397139698,	6.501782394005303
473.79999999998165,	15.225015862191455,	7.707397590908839
474.9999999999816,	14.400222653421952,	6.456209605333248
476.1999999999815,	14.587881328013498,	6.7458625422510705
477.39999999998145,	13.276990111585256,	7.420576431786776
478.5999999999814,	12.000960403515611,	6.682048979240284
479.7999999999813,	12.394946986131924,	8.200854951219242
480.99999999998124,	12.6876096743312,	9.483009199754067
482.1999999999812,	13.846648510703616,	10.394219158995952
483.3999999999811,	15.16165352126294,	10.375976672766923
484.59999999998104,	16.381620433862388,	10.083623386346506
485.79999999998097,	15.377933778200333,	10.278892918986898
486.9999999999809,	14.480923354410358,	11.022478970638456
488.19999999998083,	15.267322931183099,	11.161306011120704
489.39999999998076,	16.753345940209822,	11.354931497883591
490.5999999999807,	17.952136817267238,	10.342559312921692
491.7999999999806,	17.74796447292303,	8.786824547093783
492.99999999998056,	16.65450550559352,	9.517521784577701
494.1999999999805,	15.324845561412202,	10.350589273224548
495.3999999999804,	13.807798129408532,	10.751293773887667
496.59999999998035,	15.051045284279873,	10.919002520894413
497.7999999999803,	16.035263118532182,	10.141117589392362
498.9999999999802,	14.859240235546677,	9.102384136337593
500.19999999998015,	15.858481996589369,	8.340074721757452
501.3999999999801,	16.600172897301192,	8.664867348482831
502.59999999998,	17.288527107794952,	7.25484412573218
503.79999999997995,	18.536052554279838,	6.424521614382717
504.9999999999799,	18.073035307756538,	5.474146572100181
506.1999999999798,	16.720819356924455,	6.1201088270317525
507.39999999997974,	15.683115378679549,	7.201277484557344
508.5999999999797,	16.440160952128693,	7.939166155897819
509.7999999999796,	17.722677608416067,	8.666370144051466
510.99999999997954,	19.13761871448766,	9.16002678467314
512.1999999999795,	19.887213919107854,	10.369080306119075
513.1999999999797,	20.77224186232891,	10.383074950667483
514.1999999999799,	20.149193559766864,	9.549274270592138
515.1999999999802,	19.388782297349955,	10.402057535777189
516.1999999999804,	18.980079883136117,	11.568453157329555
517.1999999999806,	18.219668620719208,	12.421236422514607
518.1999999999808,	17.197739328636143,	13.213283219252716
519.1999999999811,	17.29525195547914,	12.215278498855616
520.1999999999813,	16.83626106813599,	11.168955436543552
521.1999999999815,	16.644742198804828,	10.145855595809682
522.1999999999817,	15.352240451111015,	10.179274728786671
523.199999999982,	14.893249563767862,	9.132951666474607
524.1999999999822,	14.434258676424708,	8.086628604162543
525.1999999999824,	13.231947747267808,	8.372923625059906
526.1999999999827,	12.119827636647825,	8.912094533877642
527.1999999999829,	10.737135070417093,	8.692637778934259
528.1999999999831,	10.27814418307394,	7.646314716622194
529.1999999999833,	11.155721757466038,	8.131474211276068
530.1999999999836,	12.048200069516051,	7.674304005719012
531.1999999999838,	12.948128750395021,	6.745968950056493
532.199999999984,	13.848057431273991,	5.817633894393975
533.1999999999842,	14.747986112152962,	4.889298838731456
534.1999999999845,	14.288995224809808,	3.8429757764193893
535.1999999999847,	13.618774780929813,	4.94863492952481
536.1999999999849,	13.353389314916669,	4.39093335894803
537.1999999999852,	12.730341012354618,	3.5571326788726827
538.1999999999854,	12.970351576254341,	2.3447336774802854
539.1999999999856,	12.243888670899198,	1.2751873935900246
540.1999999999858,	11.312150197353047,	2.3201100782485033
541.1999999999861,	10.200030086733063,	2.859280987066236
542.1999999999863,	9.178100794649996,	3.651327783804341
543.1999999999865,	7.885599046956181,	3.6847469167813283
544.1999999999867,	6.5029064807254535,	3.4652901618379426
545.199999999987,	5.612386160151417,	2.608266260184401
546.1999999999872,	6.119868742063131,	1.4190904803701978
547.1999999999874,	5.3594574796462195,	2.2718737455552462
548.1999999999877,	4.427719006100064,	3.3167964302137243
549.1999999999879,	3.9288257733493106,	4.230316163845716
550.1999999999881,	3.054629674630206,	4.091566420269639
551.1999999999883,	2.384409230750209,	5.19722557337506
552.1999999999886,	1.4200223134941892,	4.80559994187861
553.1999999999888,	0.9610314261510383,	3.7592768795665434
554.199999999989,	1.0369845748318658,	2.7594002604108647
555.1999999999892,	2.0544369678371464,	2.5398475574272976
556.1999999999895,	3.204313810626651,	2.0867475069117556
557.1999999999897,	4.3392899157582425,	2.575977156607142
558.1999999999899,	4.704274560613235,	1.6011956577882334
559.1999999999902,	4.94428512451296,	0.3887966563958362
560.1999999999904,	5.8144123300761015,	1.3451210011551722
561.1999999999906,	5.747897429558801,	2.5792572081315006
562.1999999999908,	4.555239509549589,	2.2550913629225304
563.1999999999911,	4.488724609032288,	3.489227569898859
564.1999999999913,	4.690282260613727,	4.708608938646849
565.1999999999915,	5.825258365745317,	5.197838588342236
566.1999999999917,	6.8278100210926835,	5.920615585569599
567.199999999992,	7.83036167644005,	6.643392582796961
568.1999999999922,	8.164343777805714,	7.6292266040129775
569.1999999999924,	6.775403841622998,	7.804856480960938
570.1999999999927,	5.582745921613785,	7.480690635751968
571.1999999999929,	5.090902482704158,	8.511978479659627
572.1999999999931,	6.36575340644893,	8.296495931717574
573.1999999999933,	7.140708006372633,	7.130543373481567
574.1999999999936,	7.915662606296336,	5.964590815245559
575.1999999999938,	8.918214261643701,	6.687367812472922
576.199999999994,	9.943117023477939,	5.996650259383892
577.1999999999942,	9.052596702903898,	5.13962635773035
578.1999999999945,	9.802577077897189,	4.89685043316859
579.1999999999947,	9.90008970474019,	3.8988457127714873
580.1999999999949,	10.782494529517704,	3.4225224406777515
581.1999999999952,	12.049895084433519,	3.678204742841163
582.1999999999954,	12.942373396483532,	3.2210345372841065
583.1999999999956,	13.944925051830898,	3.9438115345114677
584.1999999999958,	15.344750056530938,	3.965946489142904
585.1999999999961,	16.244678737409906,	3.0376114334803836
586.1999999999963,	17.26958149924414,	2.3468938803913524
587.1999999999965,	18.41945834203364,	1.8937938298758106
588.1999999999967,	17.796410039471592,	1.0599931498004627
589.199999999997,	16.905889718897555,	0.20296924814692063
590.1999999999972,	17.655870093890844,	0.44574517270868164
591.1999999999974,	18.25792474735525,	0.9320216969272581
592.1999999999977,	18.995627503134177,	2.1218933892185694
593.1999999999979,	19.597682156598584,	3.0929725722062447
594.1999999999981,	19.923583467189943,	2.5683309581975444
595.1999999999983,	20.2494847777813,	2.043689344188844
596.1999999999986,	21.649309782481332,	2.0658242988202806
597.1999999999988,	22.924160706226097,	1.8503417508782278
598.199999999999,	23.556617369093075,	0.8987834736375138
599.1999999999992,	23.52915591498081,	0.5959232972557295
600.1999999999995,	23.769166478880532,	1.8083222986481264
601.1999999999997,	24.794069240714766,	2.499039851737157
602.1999999999999,	25.03407980461449,	3.711438853129554
603.2000000000002,	24.143559484040452,	4.568462754783098
604.2000000000004,	22.924924333028624,	5.000441891963204
605.2000000000006,	23.699878932952327,	6.166394450199212
606.2000000000008,	24.45730967677457,	6.880335224866436
607.2000000000011,	24.55482230361757,	7.878339945263539
608.2000000000013,	25.68979840874916,	7.389110295568152
609.2000000000015,	25.755707958016085,	6.388521436123797
610.2000000000018,	26.625835163579232,	5.4321970913644595
611.200000000002,	26.559320263061938,	4.198060884388131
612.2000000000022,	27.161374916526345,	3.2269817014004554
613.2000000000024,	28.296351021657934,	2.737752051705069
614.2000000000027,	29.071305621581637,	3.9037046099410766
615.2000000000029,	28.033052107643638,	3.8299319712804367
616.2000000000031,	27.362831663763643,	2.7242728181750158
617.2000000000033,	28.123496879293317,	1.750155351313887
618.2000000000036,	29.268975635568033,	1.1505254444848219
619.2000000000038,	28.860273221354195,	0.5235718336897347
620.200000000004,	29.706140434711727,	0.7842995992324315
621.2000000000043,	30.275354517640377,	0.6037038639438383
622.2000000000045,	29.458805125788853,	1.249195809739033
623.2000000000047,	29.52735969636057,	2.5403107841290846
624.2000000000049,	30.09657377928922,	3.637357609545593
625.2000000000052,	31.273652147119464,	4.014190364686159
626.2000000000054,	32.50433290122204,	4.1279501591755245
627.2000000000056,	33.32387674032917,	5.1279629101052615
628.2000000000058,	34.223346339959036,	4.604162183911364
629.2000000000061,	33.55312589607903,	3.498503030805943
630.2000000000063,	32.60506320067794,	3.171854504224929
631.2000000000065,	32.84507376457767,	4.384253505617326
632.2000000000068,	33.98004986970927,	3.8950238559219392
633.200000000007,	34.44968007338945,	2.690397325402289
634.2000000000072,	35.45968209756578,	2.4387851782803915
635.2000000000074,	36.19738485334471,	1.2489134859890805
636.2000000000077,	37.19993650869208,	0.5261364887617193
637.2000000000079,	38.21738890169737,	0.7456891917452861
638.2000000000081,	38.724871483609085,	1.934864971559489
639.2000000000083,	39.2323540655208,	3.124040751373691
640.2000000000086,	39.73983664743252,	4.313216531187893
641.2000000000088,	39.11678834487048,	5.147017211263242
642.200000000009,	39.31771557450658,	5.909276327845432
643.2000000000093,	39.49444168957866,	5.141045507926426
644.2000000000095,	38.10550175339594,	4.965415630978466
645.2000000000097,	37.99718969434471,	6.196587798965068
646.2000000000099,	37.00081379050899,	7.020549366330969
647.2000000000102,	37.20237144209043,	5.801167997582979
648.2000000000104,	35.911572513994464,	5.875435981713484
649.2000000000106,	35.539952842710655,	7.054170569852674
650.2000000000108,	34.806884551107515,	7.930569717065987
651.2000000000111,	34.60043148396954,	8.911844023974126
652.2000000000113,	34.864900248912384,	9.756549051026603
653.2000000000115,	36.09136892742121,	9.603935191899945
654.2000000000118,	37.00267176376756,	9.10100388258759
655.200000000012,	37.79018805322361,	8.07557923880246
656.2000000000122,	38.76338416301511,	7.833894596726491
657.2000000000124,	39.488296587364424,	7.524196857881199
658.2000000000127,	39.09240670599434,	6.561552602068939
659.2000000000129,	40.07059169906098,	6.340925646172956
660.2000000000131,	40.51682773435292,	5.913919922321691
661.2000000000133,	39.51926434930088,	6.015848461662855
662.2000000000136,	39.309426016844526,	7.2916405608986326
663.2000000000138,	40.05020121200911,	8.022848377903104
664.200000000014,	40.14378598759826,	7.41235482578912
665.2000000000143,	39.443044531384864,	8.12962990961167
666.2000000000145,	38.496974743123275,	8.924908706700728
667.2000000000147,	38.41699480011346,	7.634451107646564
668.2000000000149,	38.08755378584924,	6.443239528001155
669.2000000000152,	38.225870880552655,	5.3090733291118735
670.2000000000154,	39.47326891179031,	4.96896193867503
671.2000000000156,	40.67996208630867,	5.433256229843149
672.2000000000158,	40.23195548083514,	6.58512709535405
673.2000000000161,	40.72620340074973,	7.717926902478352
674.2000000000163,	40.01562177774431,	8.478509914691047
675.2000000000165,	40.28526971021483,	9.219253260888818
676.2000000000168,	40.30318108409507,	10.104210600563365
677.200000000017,	39.14066965957002,	10.884317764899635
678.2000000000172,	39.39674930646744,	11.893196338299058
679.2000000000174,	40.6170107665589,	12.089355402265522
680.2000000000177,	40.8782996967966,	13.355611972308
681.2000000000179,	39.69138152775683,	13.86835251707094
682.2000000000181,	40.22742797078128,	14.175133706708873
683.2000000000183,	41.2429606787326,	13.9468661433088
684.2000000000186,	41.63073884469042,	12.713453925010764
685.2000000000188,	42.83743201920878,	13.17774821617888
686.200000000019,	42.622384403412134,	14.196162318771604
687.2000000000193,	41.33783925631348,	13.63943638524123
688.2000000000195,	40.077700853729546,	13.350077071284186
689.2000000000197,	38.866375940175054,	13.595450996473799
690.2000000000199,	38.418369334701524,	14.7473218619847
691.2000000000202,	37.25585791017647,	15.52742902632097
692.2000000000204,	37.77203311789698,	15.866580382398912
693.2000000000206,	38.1598112838548,	14.633168164100876
694.2000000000209,	39.202480562952324,	13.868630146297498
695.2000000000211,	39.34079765765574,	12.734463947408221
696.2000000000213,	39.47911475235916,	11.600297748518944
697.2000000000215,	38.19620353899999,	11.760972652837642
698.2000000000218,	37.2501337507384,	12.5562514499267
699.200000000022,	36.11000737676155,	13.165996853847806
700.2000000000222,	37.07089011591463,	12.765850476859043
701.2000000000224,	36.184303773511964,	12.297356302088646
702.2000000000227,	35.053702452429896,	12.796612811438543
703.2000000000229,	34.05758759339588,	13.528235389666136
704.2000000000231,	34.135023609559155,	14.76173450712083
705.2000000000234,	34.480652276089494,	16.00761509173276
706.2000000000236,	34.28989564188571,	17.22873274203022
707.2000000000238,	35.324313796254515,	17.113009609806024
708.200000000024,	36.5140557033957,	16.7782998792143
709.2000000000243,	37.43852452583785,	17.598588734248413
710.2000000000245,	38.36299334828,	18.418877589282527
711.2000000000247,	38.86394576758271,	19.445771575526933
712.2000000000249,	38.673189133378926,	20.666889225824395
713.2000000000252,	37.54258781229686,	21.166145735174286
714.2000000000254,	36.27750002916674,	21.43303617564648
715.2000000000256,	36.623128695697076,	22.678916760258414
716.2000000000259,	36.5660782498123,	23.680049808835413
717.2000000000261,	36.91170691634264,	24.92593039344735
718.2000000000263,	36.00359650821187,	24.0055972511097
719.2000000000265,	36.02012001209837,	22.769780362092533
720.2000000000268,	34.743411726182046,	22.56559035520399
721.200000000027,	33.343837481003874,	22.600114726798484
722.2000000000272,	32.312861113611255,	21.918495962943872
723.2000000000274,	31.30512575179104,	22.17903809381073
724.2000000000277,	32.22959457423319,	22.999326948844843
725.2000000000279,	32.57522324076353,	24.245207533456778
726.2000000000281,	32.80798300969918,	25.259720052543948
727.2000000000284,	32.61722637549539,	26.48083770284141
728.2000000000286,	32.12076197660638,	25.74803936018914
729.2000000000288,	33.16959371850077,	25.094228694510214
730.200000000029,	34.0524933705604,	24.229356094785988
731.2000000000293,	34.66813703836822,	23.39007328446059
732.2000000000295,	34.95191652650652,	22.128666606044593
733.2000000000297,	35.83481617856615,	21.263794006320367
734.20000000003,	36.11859566670445,	20.00238732790437
735.2000000000302,	36.30105126042571,	18.9776323729325
736.2000000000304,	37.41790017376569,	19.506938441414658
737.2000000000306,	38.300799825825315,	18.64206584169043
738.2000000000309,	37.7828113612082,	17.45742853147092
739.2000000000311,	38.33384683359831,	16.170432063656094
740.2000000000313,	37.05713854768199,	15.96624205676756
741.2000000000315,	36.80640606731668,	14.75601495714923
742.2000000000318,	36.98886166103794,	13.731260002177368
743.200000000032,	36.470873196420825,	12.546622691957866
744.2000000000322,	37.49977310701949,	13.329593049130176
745.2000000000324,	38.61662202035947,	13.858899117612328
746.2000000000327,	39.4995216724191,	12.994026517888107
747.2000000000329,	40.050557144809204,	11.70703005007329
748.2000000000331,	41.07945705540787,	12.4900004072456
749.2000000000334,	42.29422088713702,	12.047251675611976
750.2000000000336,	42.57800037527532,	10.785844997195987
751.2000000000338,	41.96038695696876,	10.782082960180984
752.200000000034,	40.92941058957614,	10.100464196326381
753.2000000000343,	40.14416614070723,	8.941416675505709
754.2000000000345,	39.11318977331461,	8.259797911651106
755.2000000000347,	40.162021515209,	7.605987245972183
756.200000000035,	39.13104514781638,	6.924368482117578
757.2000000000352,	38.11168928320996,	6.713830165623706
758.2000000000354,	37.65195972491007,	7.470215678165768
759.2000000000356,	36.62098335751745,	6.788596914311163
760.2000000000359,	35.22140911233928,	6.8231212859056605
761.2000000000361,	34.09080779125721,	7.322377795255554
762.2000000000363,	33.3055633423883,	6.163330274434881
763.2000000000365,	32.27458697499568,	5.4817115105802765
764.2000000000368,	31.489342526126762,	4.3226639897596035
765.200000000037,	30.971354061509647,	3.1380266795400993
766.2000000000372,	32.09816889049749,	2.948942236596634
767.2000000000374,	33.4788648120614,	2.71725543900831
768.2000000000377,	34.094508479869226,	1.8779726286829164
769.2000000000379,	35.299306395950516,	2.1536144084749096
770.2000000000381,	36.338172222197045,	2.218194254221603
771.2000000000384,	36.78788380017011,	1.16784950985091
772.2000000000386,	37.07166328830841,	0.37006183976318774
773.2000000000388,	37.954562940368035,	1.23493443948741
774.200000000039,	38.50559841275814,	2.521930907302232
775.2000000000393,	39.056633885148244,	3.8089273751170545
776.2000000000395,	40.17348279848822,	3.279621306634903
777.2000000000397,	39.94340997153116,	2.4249068486700716
778.20000000004,	39.19139676898483,	1.4440946584130625
779.2000000000402,	39.59224872102028,	0.9742242508066846
780.2000000000404,	39.77470431474154,	1.998979205778548
781.2000000000406,	40.56965496405986,	2.610187516812612
782.2000000000409,	41.598554874658525,	1.8272171596403017
783.2000000000411,	42.97925079622244,	2.0589039572286256
784.2000000000413,	44.018116622468966,	1.9943241114819317
785.2000000000415,	43.654216591353155,	0.6424451348890188
786.2000000000418,	42.708146803091566,	0.3879179284371265
787.200000000042,	43.64909771094892,	1.4245525742995957
788.2000000000422,	44.44404836026724,	0.8133442632655317
789.2000000000425,	43.43631299844702,	1.0738863941323917
790.2000000000427,	42.305711677364954,	1.5731429034822868
791.2000000000429,	40.90613743218678,	1.6076672750767866
792.2000000000431,	40.043728761471776,	2.119305251583917
793.2000000000434,	41.032772494994866,	1.2865567304689352
794.2000000000436,	42.122165315327,	0.7028276046155799
795.2000000000438,	41.77114146667892,	0.5811400042091098
796.200000000044,	42.860534287011056,	1.1648691300624647
797.2000000000443,	42.430421739916326,	2.497161589258897
798.2000000000445,	42.79159350910686,	3.6791393227634352
799.2000000000447,	41.992135481381915,	4.621680181966306
800.200000000045,	41.19267745365697,	5.564221041169176
801.2000000000452,	40.096014100647814,	4.879380113356569
802.2000000000454,	39.825707092052824,	3.6733740891323228
803.2000000000456,	38.983094779209964,	2.901707661434597
804.2000000000459,	37.75802497837025,	2.7382439271345564
805.2000000000461,	36.958566950645306,	3.6807847863374272
806.2000000000463,	37.68384924540664,	4.563638216016373
807.2000000000465,	38.873591152547824,	4.8983479466081015
808.2000000000468,	40.2640312333071,	4.7350188866765786
809.200000000047,	41.453773140448284,	5.069728617268307
810.2000000000472,	42.378241962890435,	4.2494397622342
811.2000000000475,	43.668332956840665,	4.335130097564303
812.2000000000477,	44.958423950790895,	4.420820432894406
813.2000000000479,	45.419944806790475,	5.353778771137317
814.2000000000481,	45.22918817258669,	4.132661120839859
815.2000000000484,	44.19821180519407,	4.814279884694463
816.2000000000486,	44.38066739891533,	5.8390348396663265
817.2000000000488,	44.432600160414836,	5.052451277223702
818.200000000049,	43.39501727910386,	4.969780086171512
819.2000000000493,	42.11210606574469,	4.809105181852814
820.2000000000495,	42.00917622242351,	3.520275071405991
821.2000000000497,	41.6452761913077,	2.1683960948130783
822.20000000005,	41.6092599500659,	1.1281482436802943
823.2000000000502,	41.31227352102946,	0.02485152640142199
824.2000000000504,	40.56026031848313,	1.0056637166584315
825.2000000000506,	39.43116434412277,	0.375727301673755
826.2000000000509,	39.56948143882619,	1.152504091995382
827.2000000000511,	40.380285394637376,	1.8051982827619957
828.2000000000513,	40.98636059830843,	2.882319100895149
829.2000000000515,	42.029029877405954,	3.6468571186985317
830.2000000000518,	43.044562585357276,	3.8751246820986065
831.200000000052,	43.77176949494876,	2.875781637892482
832.2000000000522,	44.569005165186844,	3.2603406014574423
833.2000000000525,	45.8164031964245,	3.6004519918942854
834.2000000000527,	47.03666465651596,	3.4042929279278207
835.2000000000529,	48.229789545461216,	2.671863409558048
836.2000000000531,	49.43648271997957,	2.2075691183899293
837.2000000000534,	50.62960760892483,	1.4751396000201575
838.2000000000536,	51.849869069016286,	1.278980536053693
839.2000000000538,	52.837171539430855,	0.9493647091690522
840.200000000054,	52.389164933957325,	0.35737917684241394
841.2000000000543,	52.88341285387192,	1.4901789839667148
842.2000000000545,	52.19723797538121,	2.5181286157527376
843.2000000000547,	51.36068803747145,	1.8987765649748949
844.200000000055,	50.674513158980744,	2.9267261967609177
845.2000000000552,	51.415288354145325,	3.6579340137653875
846.2000000000554,	52.64911809980988,	3.5859578505301974
847.2000000000556,	53.47349034119417,	2.6651284325619296
848.2000000000559,	54.21426553635875,	3.3963362495663993
849.2000000000561,	55.18799972120022,	3.9940873036526927
850.2000000000563,	55.68224764111481,	5.126887110776995
851.2000000000565,	56.176495561029405,	6.259686917901297
852.2000000000568,	55.25215240952153,	7.163715315962444
853.200000000057,	56.485982155186086,	7.091739152727254
854.2000000000572,	57.459716340027555,	7.6894902068135496
855.2000000000575,	56.62316640211779,	7.070138156035708
856.2000000000577,	55.62363572090038,	7.150515712814922
857.2000000000579,	55.17562911542685,	8.302386578325823
858.2000000000581,	55.43170876232427,	9.311265151725246
859.2000000000584,	56.41901123273884,	9.640880978609887
860.2000000000586,	57.639272692830296,	9.837040042576351
861.2000000000588,	58.24534789650135,	8.759919224443202
862.200000000059,	57.884742848695964,	7.82424506437144
863.2000000000593,	57.20329727051147,	7.259353717003705
864.2000000000595,	55.971657803485236,	7.156491514887945
865.2000000000597,	54.842561829124875,	6.526555099903268
866.20000000006,	54.263659743606254,	5.434589539666617
867.2000000000602,	53.3688617016776,	5.966331230321217
868.2000000000604,	52.034678741985495,	6.390543241074372
869.2000000000606,	51.1037720925466,	5.924897913115395
870.2000000000609,	49.9234043718533,	5.558498604565177
871.2000000000611,	48.589221412161194,	5.982710615318332
872.2000000000613,	48.0981783974095,	6.9004739394292525
873.2000000000616,	48.981078049469126,	6.035601339705029
874.2000000000618,	47.827235722814656,	5.592696954333459
875.200000000062,	46.81950036099444,	5.853239085200318
876.2000000000622,	46.56876788062913,	4.643011985581985
877.2000000000625,	46.05077941601202,	3.4583746753624816
878.2000000000627,	46.66642308381984,	2.619091865037088
879.2000000000629,	47.52230180936519,	3.211446799665328
880.2000000000631,	47.94131234163328,	4.374179177819975
881.2000000000634,	48.36032287390137,	5.536911555974621
882.2000000000636,	48.51836321837482,	6.762692800275355
883.2000000000638,	47.96040660154375,	7.929038383700314
884.200000000064,	46.67749538818458,	8.089713288019013
885.2000000000643,	45.59967116015716,	7.196239766599878
886.2000000000645,	45.02076907463854,	6.104274206363227
887.2000000000647,	46.06343835373606,	5.339736188559844
888.200000000065,	45.84839073793942,	6.358150291152569
889.2000000000652,	45.162215859448715,	7.386099922938593
890.2000000000654,	43.975297690408944,	7.898840467701535
891.2000000000656,	44.04447461009327,	6.860270626428186
892.2000000000659,	45.14715674171179,	6.1851634328287535
893.2000000000661,	45.9382407311198,	7.134743619576056
894.2000000000663,	45.00889042334316,	7.511347044632438
895.2000000000666,	44.07954011556652,	7.88795046968882
896.2000000000668,	45.05701451697157,	8.644297085969061
897.200000000067,	45.77118130614404,	9.348206122401889
898.2000000000672,	46.112567271322426,	10.438582299768843
899.2000000000675,	45.37949897971929,	11.314981446982154
900.2000000000677,	45.00787930843548,	12.493716035121343
901.2000000000679,	45.61257288584645,	13.636529792335711
902.2000000000681,	46.65265115235823,	13.677149503676116
903.2000000000684,	45.57990023759666,	12.955427201735343
904.2000000000686,	44.31976183501273,	12.666067887778299
905.2000000000688,	43.24701092025116,	11.944345585837526
906.200000000069,	44.34969305186968,	11.269238392238094
907.2000000000693,	45.14077704127769,	12.218818578985399
908.2000000000695,	45.03246498222646,	13.449990746972002
909.2000000000697,	44.03608907839074,	14.2739523143379
910.20000000007,	43.000687144675105,	14.380514958249858
911.2000000000702,	42.39802713996031,	13.116869074816849
912.2000000000704,	41.519881192538264,	13.005828517431798
913.2000000000706,	42.04765756971369,	13.902971124331689
914.2000000000709,	43.397912795112816,	14.272850599677804
915.2000000000711,	44.68627474706679,	14.381483407787533
916.2000000000713,	45.66374914847184,	15.137830024067775
917.2000000000716,	46.89021782698066,	14.985216164941116
918.2000000000718,	48.17857977893463,	15.093848973050845
919.200000000072,	49.28055131889157,	15.395715351627636
920.2000000000722,	49.43554687207292,	16.679325099461654
921.2000000000725,	49.59054242525427,	17.96293484729567
922.2000000000727,	48.4960255133318,	18.5369985535831
923.2000000000729,	47.205226585235835,	18.611266537713597
924.2000000000731,	46.110709673313366,	19.185330244001026
925.2000000000734,	45.212474777564395,	20.259189672445387
926.2000000000736,	44.661516360447926,	19.695402890913204
927.2000000000738,	44.59500145993062,	18.46126668393688
928.200000000074,	45.99482646463067,	18.439131729305444
929.2000000000743,	47.01972922646491,	19.129849282394474
930.2000000000745,	48.16960606925442,	19.582949332910015
931.2000000000747,	48.90730882503335,	18.393077640618706
932.200000000075,	50.042284930164946,	17.90384799092332
933.2000000000752,	51.06718769199919,	18.59456554401235
934.2000000000754,	51.30719825589892,	19.80696454540475
935.2000000000756,	52.08215285582262,	20.972917103640757
936.2000000000759,	52.98208153670159,	21.901252159303276
937.2000000000761,	53.882010217580564,	22.829587214965795
938.2000000000763,	54.49151523987393,	22.329672882083585
939.2000000000766,	54.99899782178564,	23.51884866189779
940.2000000000768,	56.27384874553042,	23.73433120983984
941.200000000077,	57.01155150130935,	22.544459517548532
942.2000000000772,	58.28640242505413,	22.759942065490584
943.2000000000775,	59.06135702497783,	23.92589462372659
944.2000000000777,	60.33620794872261,	24.141377171668644
945.2000000000779,	61.61105887246739,	24.356859719610696
946.2000000000781,	62.88590979621217,	24.57234226755275
947.2000000000784,	63.778388108262185,	25.029512473109804
948.2000000000786,	64.67831678914115,	25.957847528772323
949.2000000000788,	65.8207432631017,	25.9397827291824
950.2000000000791,	66.71322157515172,	26.396952934739456
951.2000000000793,	68.11304657985177,	26.37481798010802
952.2000000000795,	69.38044713476759,	26.11913567794461
953.2000000000797,	70.64784768968342,	25.863453375781198
954.20000000008,	71.91524824459924,	25.607771073617787
955.2000000000802,	72.51730289806365,	24.636691890630114
956.2000000000804,	72.1827154454476,	23.387800845425453
957.2000000000806,	71.08819853352514,	23.961864551712882
958.2000000000809,	69.7973996054292,	24.03613253584338
959.2000000000811,	70.06186837037205,	24.88083756289586
960.2000000000813,	70.40473279583861,	23.938518020448498
961.2000000000816,	70.17915881042538,	22.556810244866128
962.2000000000818,	68.89461366332672,	22.000084311335755
963.200000000082,	68.71051801429373,	20.872443687113094
964.2000000000822,	69.49803430374978,	19.847019043327965
965.2000000000825,	70.7245029822586,	19.69440518420131
966.2000000000827,	71.04695247066024,	18.74490612587727
967.2000000000829,	69.78681406807631,	18.455546811920225
968.2000000000832,	69.10063918958559,	19.483496443706244
969.2000000000834,	69.82784609917704,	20.482839487912372
970.2000000000836,	70.55505300876848,	21.4821825321185
971.2000000000838,	70.08263965878021,	22.36668677805607
972.2000000000841,	68.846908000711,	22.34469408367235
973.2000000000843,	67.77415708594943,	21.62297178173158
974.2000000000845,	66.53842542788021,	21.60097908734786
975.2000000000847,	65.91366972230753,	20.816630668159615
976.200000000085,	65.94199966286831,	22.21634400112027
977.2000000000852,	67.16226112295976,	22.41250306508674
978.2000000000854,	68.20493040205731,	21.64796504728336
979.2000000000857,	68.81100560572838,	20.57084422915021
980.2000000000859,	68.91815866689065,	19.692215449834574
981.2000000000861,	70.1384201269821,	19.888374513801043
982.2000000000863,	71.37224987264666,	19.81639835056586
983.2000000000866,	72.63321618945746,	19.208151732927366
984.2000000000868,	73.40222162215878,	19.381476159647125
985.200000000087,	74.18479534043321,	19.28666535916523
986.2000000000872,	75.21389633395765,	18.790262568563506
987.2000000000875,	75.13391639094783,	17.49980496950934
988.2000000000877,	75.94472034675903,	16.84711077874273
989.2000000000879,	76.68549554192359,	17.578318595747206
990.2000000000882,	77.68636629791126,	17.639799195430196
991.2000000000884,	77.60638635490145,	16.349341596376032
992.2000000000886,	76.56880347359048,	16.43201278742822
993.2000000000888,	76.98781400585855,	17.59474516558287
994.2000000000891,	76.88488416253735,	18.883575276029696
995.2000000000893,	78.26558008410126,	18.65188847844137
996.2000000000895,	79.14847973616087,	17.787015878717146
997.2000000000897,	80.35327765224216,	18.062657658509142
998.20000000009,	80.77228818451023,	19.225390036663793
999.2000000000902,	80.40838815339438,	20.577269013256704
1000.2000000000904,	81.70113507221699,	20.59924650435854
